id,name,model_id:id,group_id:id,perm_read,perm_write,perm_create,perm_unlink
access_b2bfee_college_user,b2bfee.college.user,model_otm_b2bfee_college,group_b2bfee_user,1,1,1,0
access_b2bfee_college_manager,b2bfee.college.manager,model_otm_b2bfee_college,group_b2bfee_manager,1,1,1,1
access_b2bfee_program_user,b2bfee.program.user,model_otm_b2bfee_program,group_b2bfee_user,1,0,0,0
access_b2bfee_program_manager,b2bfee.program.manager,model_otm_b2bfee_program,group_b2bfee_manager,1,1,1,1
access_b2bfee_batch_user,b2bfee.batch.user,model_otm_b2bfee_batch,group_b2bfee_user,1,1,1,0
access_b2bfee_batch_manager,b2bfee.batch.manager,model_otm_b2bfee_batch,group_b2bfee_manager,1,1,1,1
access_b2bfee_plan_line_user,b2bfee.plan.line.user,model_otm_b2bfee_plan_line,group_b2bfee_user,1,1,1,1
access_b2bfee_plan_line_manager,b2bfee.plan.line.manager,model_otm_b2bfee_plan_line,group_b2bfee_manager,1,1,1,1
access_b2bfee_student_user,b2bfee.student.user,model_otm_b2bfee_student,group_b2bfee_user,1,1,1,1
access_b2bfee_student_manager,b2bfee.student.manager,model_otm_b2bfee_student,group_b2bfee_manager,1,1,1,1
access_b2bfee_installment_user,b2bfee.installment.user,model_otm_b2bfee_installment,group_b2bfee_user,1,1,1,0
access_b2bfee_installment_manager,b2bfee.installment.manager,model_otm_b2bfee_installment,group_b2bfee_manager,1,1,1,1
access_b2bfee_payment_user,b2bfee.payment.user,model_otm_b2bfee_payment,group_b2bfee_user,1,1,1,0
access_b2bfee_payment_manager,b2bfee.payment.manager,model_otm_b2bfee_payment,group_b2bfee_manager,1,1,1,1
access_b2bfee_payment_alloc_user,b2bfee.payment.alloc.user,model_otm_b2bfee_payment_alloc,group_b2bfee_user,1,1,1,1
access_b2bfee_payment_alloc_manager,b2bfee.payment.alloc.manager,model_otm_b2bfee_payment_alloc,group_b2bfee_manager,1,1,1,1
access_b2bfee_reminder_log_user,b2bfee.reminder.log.user,model_otm_b2bfee_reminder_log,group_b2bfee_user,1,0,0,0
access_b2bfee_reminder_log_manager,b2bfee.reminder.log.manager,model_otm_b2bfee_reminder_log,group_b2bfee_manager,1,1,1,1
access_b2bfee_staff_user,b2bfee.staff.user,model_otm_b2bfee_staff,group_b2bfee_user,1,0,0,0
access_b2bfee_staff_manager,b2bfee.staff.manager,model_otm_b2bfee_staff,group_b2bfee_manager,1,1,1,1
